{"NVDA": {"loss": [0.03273245692253113, 0.010207912884652615, 0.00833713449537754, 0.006064440589398146, 0.005347403232008219, 0.004422849975526333, 0.004259116481989622, 0.003791911993175745, 0.003809176152572036, 0.00367144076153636, 0.0035687421914190054, 0.003130322555080056, 0.0029832974541932344, 0.0032586290035396814, 0.0030796800274401903, 0.0028265330474823713, 0.002554109087213874, 0.002596180886030197, 0.0026739174500107765, 0.0027360066305845976, 0.0027799445670098066, 0.002524872310459614, 0.0022308046463876963, 0.002211938379332423, 0.002650095848366618, 0.002585655776783824, 0.002173018641769886, 0.002077582059428096, 0.002253063954412937, 0.0020297637674957514, 0.0022113078739494085, 0.002277871361002326, 0.0020745687652379274, 0.0019940482452511787, 0.0018726345151662827, 0.002132522640749812, 0.0016958429478108883, 0.0018184990622103214, 0.00180105771869421, 0.0019188553560525179, 0.001784427324309945, 0.001982008805498481, 0.0016264644218608737, 0.0021218322217464447, 0.0017813453450798988, 0.0015364591963589191, 0.001673578517511487, 0.0017565077869221568, 0.0018045497126877308, 0.0017511560581624508], "mae": [0.1269519329071045, 0.07365087419748306, 0.06509625166654587, 0.056135714054107666, 0.05249782279133797, 0.04872947186231613, 0.046893589198589325, 0.043971892446279526, 0.04459619149565697, 0.04359743371605873, 0.043248727917671204, 0.03997843340039253, 0.03964073956012726, 0.0407082624733448, 0.03964909538626671, 0.038604170083999634, 0.03663816303014755, 0.03678177669644356, 0.03660297393798828, 0.03654620796442032, 0.03785251826047897, 0.036191899329423904, 0.03436341509222984, 0.03407884016633034, 0.03629550710320473, 0.03526818007230759, 0.032652419060468674, 0.0326993390917778, 0.033800557255744934, 0.032845307141542435, 0.0331122949719429, 0.03281193971633911, 0.032793667167425156, 0.031217502430081367, 0.03051881678402424, 0.031144317239522934, 0.02900410257279873, 0.030126288533210754, 0.029391692951321602, 0.029691386967897415, 0.02896774187684059, 0.03087756410241127, 0.02832982689142227, 0.0318475216627121, 0.029336635023355484, 0.02682269737124443, 0.028715848922729492, 0.028416328132152557, 0.02998063713312149, 0.029080020263791084], "val_loss": [7.462975978851318, 7.14617395401001, 6.92872953414917, 6.469359874725342, 5.587528228759766, 4.867748260498047, 4.269700050354004, 3.1958115100860596, 2.8884646892547607, 3.0145318508148193, 2.22619366645813, 2.6346025466918945, 3.0467305183410645, 2.2639079093933105, 2.2225863933563232, 2.2021777629852295, 2.6184911727905273, 2.283977508544922, 2.253948450088501, 1.8935401439666748, 1.7500555515289307, 2.2155165672302246, 3.0226614475250244, 2.480262517929077, 1.9306635856628418, 1.5287781953811646, 1.7133076190948486, 1.3418110609054565, 1.9495409727096558, 1.2378199100494385, 1.0956566333770752, 1.41949462890625, 1.0752387046813965, 1.737515926361084, 1.0613646507263184, 1.2809923887252808, 0.6192863583564758, 1.049389123916626, 1.233611822128296, 0.5616903901100159, 0.5658797025680542, 0.7269145250320435, 0.31641241908073425, 0.24223126471042633, 0.48015233874320984, 0.8271928429603577, 0.10981567949056625, 0.10395541787147522, 0.06582985073328018, 0.2080257385969162], "val_mae": [2.462970018386841, 2.403535842895508, 2.3610358238220215, 2.2773799896240234, 2.1014349460601807, 1.946199655532837, 1.825547218322754, 1.5565317869186401, 1.4723988771438599, 1.4965287446975708, 1.2821406126022339, 1.4146617650985718, 1.5051994323730469, 1.2883883714675903, 1.2743114233016968, 1.269275426864624, 1.3998347520828247, 1.3098539113998413, 1.2897204160690308, 1.1876970529556274, 1.1440651416778564, 1.2917656898498535, 1.5245345830917358, 1.3827329874038696, 1.2294710874557495, 1.0778789520263672, 1.1490145921707153, 1.0172019004821777, 1.2291059494018555, 0.9777675867080688, 0.9183007478713989, 1.0601036548614502, 0.9076399207115173, 1.1637322902679443, 0.914010763168335, 1.026953101158142, 0.7033092975616455, 0.9197890162467957, 1.0104037523269653, 0.6743437051773071, 0.6797276735305786, 0.7873690128326416, 0.527739942073822, 0.4575471878051758, 0.6511321067810059, 0.8550826907157898, 0.3134292662143707, 0.30439162254333496, 0.2330094873905182, 0.4424494504928589]}, "PG": {"loss": [0.03142675757408142, 0.014279360882937908, 0.010447916574776173, 0.009274977259337902, 0.007521752268075943, 0.0069359405897557735, 0.006265240255743265, 0.006364071276038885, 0.005849572364240885, 0.0055318111553788185, 0.005505036097019911, 0.004735116846859455, 0.005427312105894089, 0.00471060024574399, 0.004722952377051115, 0.004708787892013788, 0.004010675475001335, 0.0042826347053050995, 0.004406080115586519, 0.004168146289885044, 0.0038501517847180367, 0.0037920582108199596, 0.0036225414369255304, 0.003909560851752758, 0.0038226915057748556, 0.003398202359676361, 0.0035853469744324684, 0.003199090249836445, 0.003999019972980022, 0.0034827780909836292, 0.0036514902021735907, 0.003698831656947732, 0.003529602661728859, 0.003181310137733817, 0.003044234588742256, 0.002958837430924177, 0.0031412194948643446, 0.003231657203286886, 0.0027976767159998417, 0.0033504192251712084, 0.002956584794446826, 0.0029359753243625164, 0.0027053197845816612, 0.003158177714794874, 0.002924317494034767, 0.0028437336441129446, 0.0027989160735160112, 0.002503993920981884, 0.0031485608778893948, 0.0029760769102722406], "mae": [0.1301693469285965, 0.08693718910217285, 0.07546772807836533, 0.0719342902302742, 0.06466846168041229, 0.06202603504061699, 0.05909666791558266, 0.05974870175123215, 0.057208359241485596, 0.05491941049695015, 0.05585838854312897, 0.05082312971353531, 0.054826945066452026, 0.05098831653594971, 0.051589857786893845, 0.05176883935928345, 0.04774760082364082, 0.048673685640096664, 0.04990055784583092, 0.048580560833215714, 0.046722304075956345, 0.04663673788309097, 0.04444242641329765, 0.047121159732341766, 0.04556076228618622, 0.04396572709083557, 0.04506281763315201, 0.042148929089307785, 0.0477558933198452, 0.04457263648509979, 0.04451807588338852, 0.04586834833025932, 0.04456818103790283, 0.04236476495862007, 0.04144156724214554, 0.040793418884277344, 0.04180760309100151, 0.04248460754752159, 0.04005569964647293, 0.04343602433800697, 0.040985431522130966, 0.04038834944367409, 0.03952806070446968, 0.0427304208278656, 0.04075765237212181, 0.04035145044326782, 0.03991057723760605, 0.03801245614886284, 0.041551169008016586, 0.04098639264702797], "val_loss": [0.6987950801849365, 0.620652437210083, 0.5391925573348999, 0.4613030254840851, 0.40935540199279785, 0.31746143102645874, 0.21562448143959045, 0.18675640225410461, 0.11419515311717987, 0.14546093344688416, 0.12362212687730789, 0.11686418205499649, 0.08665977418422699, 0.11034936457872391, 0.1325552612543106, 0.06731861084699631, 0.13216793537139893, 0.07568645477294922, 0.06929358094930649, 0.09811887890100479, 0.12254444509744644, 0.09739934653043747, 0.14151783287525177, 0.09293881058692932, 0.0923224613070488, 0.07967773079872131, 0.10639940202236176, 0.10876059532165527, 0.11040627956390381, 0.12685571610927582, 0.0811128243803978, 0.10886269807815552, 0.12297243624925613, 0.10482808947563171, 0.0858084112405777, 0.08440198749303818, 0.09232879430055618, 0.0779009684920311, 0.10470585525035858, 0.09843306243419647, 0.10144633054733276, 0.03829734027385712, 0.06600414216518402, 0.06622835248708725, 0.0961800068616867, 0.03659679740667343, 0.0742688998579979, 0.02006819285452366, 0.07992038875818253, 0.06931082159280777],