{"NVDA": {"loss": [0.00017476751236245036, 0.0001694108359515667, 0.00016576898633502424, 0.00017468587611801922, 0.00017979476251639426, 0.0001627911115065217, 0.00015256908955052495, 0.00014873741019982845, 0.00015011656796559691, 0.00014811560686212033, 0.0001500466896686703, 0.00015438180707860738, 0.0001459525228710845, 0.00014471562462858856, 0.00015138505841605365, 0.0001838178577600047, 0.00014030405145604163, 0.00014007530990056694, 0.00015330140013247728, 0.00015661143697798252], "mae": [0.007894858717918396, 0.007706784177571535, 0.00771570997312665, 0.007580116391181946, 0.00825443398207426, 0.007648154627531767, 0.0072801196947693825, 0.007036376744508743, 0.007130213547497988, 0.00698230741545558, 0.007173651829361916, 0.007297926116734743, 0.007230307906866074, 0.007223568856716156, 0.007134958636015654, 0.008239625953137875, 0.007097970694303513, 0.006940917111933231, 0.007351425010710955, 0.0073522403836250305], "val_loss": [0.5566279888153076, 0.34663259983062744, 0.36893948912620544, 0.2708160877227783, 0.1928042620420456, 0.21906735002994537, 0.14223740994930267, 0.0919349417090416, 0.09079156816005707, 0.09605588018894196, 0.05507500842213631, 0.04411697015166283, 0.08447179198265076, 0.022921016439795494, 0.02690787799656391, 0.03595665469765663, 0.05192022770643234, 0.03953443840146065, 0.07804213464260101, 0.07962263375520706], "val_mae": [0.5674954652786255, 0.4420957565307617, 0.4616087079048157, 0.39180129766464233, 0.331739604473114, 0.36832866072654724, 0.29577186703681946, 0.23678795993328094, 0.24136272072792053, 0.24650225043296814, 0.18012391030788422, 0.15796653926372528, 0.236878901720047, 0.10835224390029907, 0.12386169284582138, 0.1440068632364273, 0.14687244594097137, 0.13833506405353546, 0.17911627888679504, 0.18308348953723907]}, "PG": {"loss": [0.02079835720360279, 0.0004119112272746861, 0.0003870859509333968, 0.0004648253961931914, 0.0003807525208685547, 0.0004227604658808559, 0.00036098461714573205, 0.00032681450829841197, 0.00035017519257962704, 0.000309055729303509, 0.0002957391261588782, 0.0002816263004206121, 0.0002593443787191063, 0.000257123785559088, 0.00024366140132769942, 0.0002655088610481471, 0.0002610714000184089, 0.00024736745399422944, 0.0002109325723722577, 0.00021100681624375284], "mae": [0.06507661938667297, 0.014226354658603668, 0.013726452365517616, 0.015602726489305496, 0.013758528046309948, 0.01464071311056614, 0.013306522741913795, 0.012576914392411709, 0.013146640732884407, 0.012206023558974266, 0.011736591346561909, 0.011467634700238705, 0.010934113524854183, 0.010905718430876732, 0.010450069792568684, 0.011235194280743599, 0.011304795742034912, 0.010736344382166862, 0.009673616848886013, 0.00980989821255207], "val_loss": [0.0006142541533336043, 0.0005645597702823579, 0.0005300312186591327, 0.0005287627573125064, 0.0007716321852058172, 0.0005198999424465001, 0.0007926727994345129, 0.0012647469993680716, 0.0004029622650705278, 0.00046924155321903527, 0.0005033771158196032, 0.00036973593523725867, 0.0004144625272601843, 0.0004318005230743438, 0.0005556066753342748, 0.00030287503614090383, 0.0009434676612727344, 0.0002854067424777895, 0.0008164722239598632, 0.00027633149875327945], "val_mae": [0.019110366702079773, 0.01870141550898552, 0.017544224858283997, 0.01781184785068035, 0.022698430344462395, 0.017525406554341316, 0.0225010197609663, 0.030724475160241127, 0.01518969051539898, 0.016791557893157005, 0.017888130620121956, 0.014401470310986042, 0.015825051814317703, 0.016431603580713272, 0.01910337805747986, 0.012670201249420643, 0.02643614262342453, 0.012016807682812214, 0.024792935699224472, 0.011743579991161823]}, "VOO": {"loss": [0.013614936731755733, 0.0003656274639070034, 0.0003568763204384595, 0.0003195452445652336, 0.000300660147331655, 0.0003109639510512352, 0.00029432246810756624, 0.0002860926906578243, 0.0002503625873941928, 0.0002931922790594399, 0.00023588299518451095, 0.00022864851052872837, 0.00024764807312749326, 0.00022568604617845267, 0.00019853074627462775, 0.00020984900766052306, 0.00018728665600065142, 0.00020199276332277805, 0.0001946987904375419, 0.00019354309188202024], "mae": [0.05398637056350708, 0.013186671771109104, 0.013227843679487705, 0.012328063137829304, 0.011942191049456596, 0.012097684666514397, 0.011934613808989525, 0.011870816349983215, 0.010832777246832848, 0.011946574784815311, 0.01064255554229021, 0.010392142459750175, 0.01089422032237053, 0.010368580929934978, 0.009560689330101013, 0.010071951895952225, 0.009342871606349945, 0.009802618995308876, 0.00963960587978363, 0.009472598321735859], "val_loss": [0.0009008652996271849, 0.0005247147637419403, 0.0004636053927242756, 0.0023641169536858797, 0.002115990500897169, 0.001342990668490529, 0.003137917025014758, 0.001761037390679121, 0.00048551984946243465, 0.0010286658070981503, 0.0006201994838193059, 0.0008290452533401549, 0.0034340100828558207, 0.0010843429481610656, 0.0005501442356035113, 0.0004035542660858482, 0.00039419432869181037, 0.00362346856854856, 0.00041122210677713156, 0.0003627952828537673], "val_mae": [0.02180548943579197, 0.017468944191932678, 0.016170792281627655, 0.04284440353512764, 0.03784904256463051, 0.03063635155558586, 0.049540672451257706, 0.03485627472400665, 0.017045726999640465, 0.025509009137749672, 0.019653938710689545, 0.022372614592313766, 0.05202699452638626, 0.026256661862134933, 0.017816873267292976, 0.01496952772140503, 0.014607845805585384, 0.052731551229953766, 0.015221964567899704, 0.014275545254349709]}}