{"NVDA": {"loss": [8.207337668864056e-05, 8.30100107123144e-05, 7.889465632615611e-05, 8.466545841656625e-05, 7.455358718289062e-05, 7.888727122917771e-05, 7.644638390047476e-05, 8.180861914297566e-05, 7.586811989312991e-05, 7.111091690603644e-05, 7.287031621672213e-05, 7.625087891938165e-05, 7.454315345967188e-05, 6.581189518328756e-05, 6.925603520357981e-05, 7.304799510166049e-05, 7.01379613019526e-05, 6.521229806821793e-05, 7.285971514647827e-05, 7.448691758327186e-05], "mae": [0.007881887257099152, 0.007639049086719751, 0.007779530715197325, 0.008462073281407356, 0.007272717077285051, 0.0077890390530228615, 0.007473944220691919, 0.008125362917780876, 0.007403005845844746, 0.00730085140094161, 0.006888871546834707, 0.007556649390608072, 0.007414056453853846, 0.006675239652395248, 0.006828397046774626, 0.007348686922341585, 0.007189276162534952, 0.006644546519964933, 0.007509095128625631, 0.007464596536010504], "val_loss": [0.5719025731086731, 0.5470988750457764, 0.5156620740890503, 0.3697708547115326, 0.4225481450557709, 0.3833785951137543, 0.4758148193359375, 0.4160495698451996, 0.29378998279571533, 0.2229185253381729, 0.2827044129371643, 0.1599997580051422, 0.20277522504329681, 0.22261808812618256, 0.1617838591337204, 0.19707585871219635, 0.15372112393379211, 0.1586383581161499, 0.1601305603981018, 0.11271023005247116], "val_mae": [0.8794842958450317, 0.8507519364356995, 0.8170590400695801, 0.6429621577262878, 0.7084295153617859, 0.6630248427391052, 0.780357301235199, 0.7086564898490906, 0.5612233281135559, 0.4757627546787262, 0.5572431087493896, 0.3967435956001282, 0.4551866948604584, 0.4828648865222931, 0.4001898169517517, 0.45222923159599304, 0.3912239968776703, 0.4006624221801758, 0.40434780716896057, 0.33185264468193054]}, "PG": {"loss": [8.329357660841197e-05, 8.849015284795314e-05, 8.977157267509028e-05, 8.993675874080509e-05, 8.410646114498377e-05, 8.050468022702262e-05, 8.025486749829724e-05, 9.576450247550383e-05, 7.251944043673575e-05, 7.78174726292491e-05, 8.58307903399691e-05, 7.262916187755764e-05, 7.189600728452206e-05, 7.917702168924734e-05, 6.941468745935708e-05, 9.051845700014383e-05, 7.429360266542062e-05, 7.664954318897799e-05, 8.580685971537605e-05, 7.834235293557867e-05], "mae": [0.008305748924612999, 0.008747201412916183, 0.008794278837740421, 0.008885091170668602, 0.008533737622201443, 0.008223197422921658, 0.00837072916328907, 0.009458441287279129, 0.007818472571671009, 0.008349798619747162, 0.008961519226431847, 0.007858657278120518, 0.007712022867053747, 0.008471770212054253, 0.00750088132917881, 0.009111512452363968, 0.00793217122554779, 0.008311929181218147, 0.00873679667711258, 0.00827707163989544], "val_loss": [0.00012240881915204227, 0.00012656443868763745, 0.00016732985386624932, 0.00011978301336057484, 0.00010564510012045503, 0.0001292717206524685, 0.0002974866656586528, 0.00010663342254702002, 0.00012544066703412682, 0.00012697673810180277, 0.00010663919965736568, 0.00010698487312765792, 0.0001086997872334905, 0.00011652043031062931, 0.00010706081957323477, 0.00015009813068900257, 0.00011411574087105691, 0.00014758663019165397, 0.00010854096035473049, 0.00010776032286230475], "val_mae": [0.011143599636852741, 0.011259126476943493, 0.014067502692341805, 0.010741952806711197, 0.00931925605982542, 0.011469484306871891, 0.021322036162018776, 0.009362906217575073, 0.011436361819505692, 0.011211108416318893, 0.00936036091297865, 0.009358549490571022, 0.009628747589886189, 0.01047413982450962, 0.00935825239866972, 0.012972666881978512, 0.01017097756266594, 0.012971563264727592, 0.009530129842460155, 0.009530416689813137]}}