{"NVDA": {"loss": [0.05546135827898979, 0.002623587613925338], "mae": [0.11133519560098648, 0.03155730664730072], "val_loss": [142.19656372070312, 86.91493225097656], "val_mae": [8.308530807495117, 6.486093997955322]}, "PG": {"loss": [0.03032704070210457, 0.0016069195698946714], "mae": [0.09000267088413239, 0.027721190825104713], "val_loss": [0.002229858422651887, 0.0019903453066945076], "val_mae": [0.03781178593635559, 0.03526865690946579]}, "VOO": {"loss": [NaN, NaN], "mae": [NaN, NaN], "val_loss": [NaN, NaN], "val_mae": [NaN, NaN]}}