{"NVDA": {"loss": [0.007756657432764769, 9.774498175829649e-05, 8.806637197267264e-05, 8.931280899560079e-05, 9.77339077508077e-05, 8.871063619153574e-05, 8.836098277242854e-05, 8.82085514604114e-05, 9.048011270351708e-05, 8.783813973423094e-05, 8.422808605246246e-05, 9.035322727868333e-05, 8.644544868730009e-05, 8.561035065213218e-05, 8.483145938953385e-05, 8.3704806456808e-05, 8.558333502151072e-05, 7.918260962469503e-05, 7.863416976761073e-05, 7.986807031556964e-05], "mae": [0.06405691802501678, 0.00838910136371851, 0.007880584336817265, 0.007872583344578743, 0.008930613286793232, 0.007963168434798717, 0.008102326653897762, 0.007936039939522743, 0.008388759568333626, 0.00812636036425829, 0.007901678793132305, 0.008223864249885082, 0.007937982678413391, 0.007842082530260086, 0.00787319615483284, 0.007870807312428951, 0.008007392287254333, 0.007435702718794346, 0.007597366813570261, 0.007593412883579731], "val_loss": [0.7237803936004639, 0.7410585880279541, 0.7564197778701782, 0.7173012495040894, 0.6822940707206726, 0.7086890339851379, 0.6767804622650146, 0.6447844505310059, 0.701948881149292, 0.6620334386825562, 0.642933189868927, 0.6263259053230286, 0.5598529577255249, 0.5613958835601807, 0.6347483992576599, 0.5759267807006836, 0.5614334940910339, 0.462077796459198, 0.5168655514717102, 0.525894820690155], "val_mae": [1.0221832990646362, 1.0441206693649292, 1.0636793375015259, 1.0193507671356201, 0.9778456687927246, 1.007851481437683, 0.9733291268348694, 0.9375410676002502, 1.004388689994812, 0.9597576856613159, 0.9407913684844971, 0.9217361807823181, 0.848370373249054, 0.8510055541992188, 0.9373517632484436, 0.8716325759887695, 0.8571352958679199, 0.7437313199043274, 0.8086261749267578, 0.8213801980018616]}, "PG": {"loss": [0.009874271228909492, 0.00014132582873571664, 0.00013344691251404583, 0.000134858230012469, 0.00012862151197623461, 0.00013917700562160462, 0.0001269493659492582, 0.00012457571574486792, 0.00012529484229162335, 0.0001217258904944174, 0.00011788936535594985, 0.000123901481856592, 0.00012273728498257697, 0.00011567892943276092, 0.00010770151857286692, 0.00011478950909804553, 0.00010988326539518312, 0.00011017710494343191, 0.00013335581752471626, 0.00010845949873328209], "mae": [0.07023810595273972, 0.011499213986098766, 0.010956539772450924, 0.011186241172254086, 0.010648423805832863, 0.011409370228648186, 0.010769346728920937, 0.01064571924507618, 0.010752346366643906, 0.010389287024736404, 0.010273351334035397, 0.010703262872993946, 0.010696775279939175, 0.010163853876292706, 0.009721478447318077, 0.010204097256064415, 0.009868406690657139, 0.01011587493121624, 0.011407784186303616, 0.009894687682390213], "val_loss": [0.00023196535767056048, 0.00019705339218489826, 0.0002055972145171836, 0.00021795938664581627, 0.0002333413140149787, 0.0002038001548498869, 0.00016911092097871006, 0.00022082618670538068, 0.00017401315562892705, 0.0002071510098176077, 0.00015913983224891126, 0.00016352075908798724, 0.0001702579902485013, 0.00014595573884434998, 0.0004594320198521018, 0.00022531370632350445, 0.00022450507094617933, 0.00013753589882981032, 0.00024240762286353856, 0.00018146961519960314], "val_mae": [0.015655692666769028, 0.01448000781238079, 0.014678417704999447, 0.016276706010103226, 0.017108570784330368, 0.015581091865897179, 0.013301381841301918, 0.015541082248091698, 0.013404015451669693, 0.0159299299120903, 0.012760793790221214, 0.01295615267008543, 0.013309093192219734, 0.012203698977828026, 0.026045959442853928, 0.01725599355995655, 0.016452597454190254, 0.011826962232589722, 0.01720842346549034, 0.01422832440584898]}}